{
  "map_mission0": {
    "Dialogue": "Ви відкрили сейф - всередині небагато",
    "Name": "Оглянути",
    "Description": "Тут є два конверта.",
    "Child 1": "map_tab1",
    "Child 2": "map_tab2",
    "map_tab1": {
      "Name": "Конверт",
      "Description": "Конверт наповнений грошима - ймовірно, клубний заробіток."
    },
    "map_tab2": {
      "Name": "Конверт",
      "Description": "На конверті стоїть дата - через два тижні, і адреса - адреса цього клубу. Здається, це важливо.",
      "Important": 1
    }
  }
}