{
  "map_mission0": {
    "Dialogue": "Ви відкрили сейф",
    "Name": "Оглянути",
    "Description": "Тут є кілька папірців.",
    "Child 1": "map_tab1",
    "Child 2": "map_tab2",
    "Child 3": "map_tab3",
    "map_tab1": {
      "Name": "Нотатки",
      "Description": "ЖЕРТВОПРИНОШЕННЯ НЕ ВДАЛОСЯ. Я ВСЕ ЩЕ ТЕМУР. Я СТАНУ ЖЕНЦЕМ І БУДУ ЖИТИ ВІЧНО, І ВІДНАЙДУ ТЕПЛО ВІД ВОГНЮ, ЯК І ВІН"
    },
    "map_tab2": {
      "Name": "Нотатки",
      "Description": "Я СПОСТЕРІГАВСЯ ЗА НИМ І ЗА ЙОГО ТЕПЛОМ. А ЯКЩО Я СПАЛЮ СЕБЕ В ЙОГО КАМІНІ? ЧИ ВІДНАЙДУ Я ТОДІ ЙОГО ТЕПЛО?"
    },
    "map_tab3": {
      "Name": "Креслення",
      "Important": 1,
      "Description": "Креслення... якогось порталу. Схоже, він використовує частини тіл для будівництва - це пояснює, чому скелети збирали м'ясо. ##Невідомо, що станеться, якщо мерці покинуть це місце. Я повинен сказати своєму роботодавцю."
    }
  }
}
