{
  "map_mission0": {
    "Dialogue": "Ви відкрили сейф.",
    "Name": "Оглянути",
    "Description": "Тут є кілька папірців та невеличкий предмет.",
    "Child 1": "map_tab1",
    "Child 2": "map_tab2",
    "Child 3": "map_tab3",
    "Child 4": "map_tab4",
    "map_tab1": {
      "Name": "Нотатки",
      "Description": "Я зловив Свічку на вулиці - він знає. Свічка помер до того, як я встиг дізнатися більше."
    },
    "map_tab2": {
      "Name": "Нотатки",
      "Description": "Я все перепробував. Мені так холодно. Я просто хочу поговорити. Тепер я розумію - я шкодую про це. Я просто хочу вибачитися."
    },
    "map_tab3": {
      "Name": "Нотатки",
      "Description": "Будівництво порталу наближається до завершення. Демони надали велику кількість людей, у нас є снайпери в радіусі 5 миль навколо старої школи. Щасти тобі потрапити всередину, Жнець.",
      "Important": 1
    },
    "map_tab4": {
      "Name": "Предмет",
      "Description": "Маленька металева запальничка. Здається, вона більше не працює."
    }
  }
}
