{
  "map_mission0": {
    "Dialogue": "Фігура сяє життям.",
    "Name": "Говорити",
    "Description": "\"Я не очікував гостей,\" сказала фігура знайомим тоном.",
    "Child 1": "map_tab1",
    "Child 2": "map_tab2",
    "Child 3": "map_tab3",
    "map_tab1": {
      "Name": "Хто ти?",
      "Description": "\"Я говорив до тебе так довго. \""
    },
    "map_tab2": {
      "Name": "Де ми?",
      "Description": "\"Мій дім - але я і раніше ділився з тобою своїм теплом, як і з усіма, хто блукає\" "
    },
    "map_tab3": {
      "Name": "Скелети",
      "Description": "\"&y&Ізбан&!& йде,\" затріщало полум'я. \"Я не можу зупинити його. Я не бог смерті. Хіба що ви розділите цю труну, похмуру і тьмяну?\"",
      "Child 1": "map_ib",
      "map_ib": {
        "Name": "Ізбан",
        "Important": 1,
        "Description": "\"Він вже тут,\" сказало полум'я. ##\"Свобода йому не судилась,#Як і довіра моя.#Мені б не дуже хотілось...#...Ділити з мерцем укриття.\" "
      }
    }
  }
}
