{
  "map_mission0": {
    "Dialogue": "На столі є тека. Можливо, там є корисна інформація.",
    "Name": "Відкрити файл",
    "Description": "Я відкриваю теку. Там дві окремі вкладки.",
    "Child 1": "map_tab1",
    "Child 2": "map_tab2",
    "map_tab1": {
      "Name": "РІЧ",
      "Description": "Вкладка повна папірців.",
      "Child 1": "map_paper1",
      "Child 2": "map_paper2",
      "Child 3": "map_paper3",
      "Child 4": "map_paper4",
      "Child 5": "map_paper5",
      "map_paper1": {
        "Name": "Папірчик",
        "Description": "Основне фінансування. Пафф, мабуть, був призначений бухгалтером банди. Безкорисно."
      },
      "map_paper2": {
        "Name": "Папірчик",
        "Description": "Лист, що описує розчарування Паффа в банді. Безкорисно."
      },
      "map_paper3": {
        "Name": "Папірчик",
        "Description": "Погано намальована гола вампірка. Безкорисно."
      },
      "map_paper4": {
        "Name": "Папірчик",
        "Important": 1,
        "Description": "Підписано \"ВАЖЛИВІ ЛЮДИ\". Зверху написані адреси:##5314 21-ша та 4-та #101 6-та Вулиця підзем'я ##Це, мабуть, адреси будинків Зомбі Кінгз. Корисно."
      },
      "map_paper5": {
        "Name": "Папірчик",
        "Description": "Нерозбірливі каракулі. Безкорисно."
      }
    },
    "map_tab2": {
      "Name": "ЩЕ РЕЧІ",
      "Description": "Ви відкриваєте шухляду, а всередині - брошура і карбована монета."
    }
  }
}
