{
  "map_mission0": {
    "Dialogue": "Ви відкрили сейф - і, знову ж таки, всередині не так вже й багато",
    "Name": "Оглянути",
    "Description": "Тут є три конверта.",
    "Child 1": "map_tab1",
    "Child 2": "map_tab2",
    "Child 3": "map_tab3",
    "map_tab2": {
      "Name": "Конверт",
      "Description": "На конверті вказана дата через місяць і адреса \"Кривавої Мері\"."
    },
    "map_tab1": {
      "Name": "Конверт",
      "Description": "Конверт наповнений грошима."
    },
    "map_tab3": {
      "Name": "Конверт",
      "Description": "На конверті вказана адреса біля доків. Це може бути важливо.",
      "Important": 1
    }
  }
}